N0,Food commodity,Pricing Type,Currency,2024-03-01 00:00:00,2024-04-01 00:00:00,2024-05-01 00:00:00,2024-06-01 00:00:00,2024-07-01 00:00:00,2024-08-01 00:00:00,2024-09-01 00:00:00,2024-10-01 00:00:00,2024-11-01 00:00:00,2024-12-01 00:00:00,2025-03-01 00:00:00,2025-04-01 00:00:00,2025-05-01 00:00:00,2025-06-01 00:00:00,2025-07-01 00:00:00,2025-08-01 00:00:00,2025-09-01 00:00:00,2025-10-01 00:00:00,2025-11-01 00:00:00,2025-12-01 00:00:00,YTD'24,YTD'25,Change (%)
1,Mixed Rice (kg),Retail,KHR,2637,2663,2651,2543,2481,2453,2648,2589,2597,2584.6666666666665,2114,2183,2112,1950,1928,1843,1952,2099,1916,2010.7777777777778,25846.666666666668,20107.777777777777,-0.22203593844037495
2,Snakehead fish (Live) (kg),Retail,KHR,10350,10082,10751,9591,9636,9333,10500,10135,10724,10122.444444444445,10211,10321,10317,9006,9207,8949,10088,10267,10266,9848.0,101224.44444444444,98480.0,-0.027112467344295288
3,Trey Pra (Live) (kg),Retail,KHR,7036,7190,7060,6650,6572,6102,7115,7385,7393,6944.777777777777,6958,7173,7417,6231,6604,6386,7012,7649,7454,6987.111111111111,69447.77777777778,69871.11111111111,0.0060957074060443706
4,Cat-fish (Live) (kg),Retail,KHR,6925,7648,7955,7196,7174,6429,7692,7615,7622,7361.777777777777,7556,7864,7944,7356,7758,7347,8061,8683,8343,7879.111111111111,73617.77777777778,78791.11111111111,0.07027288094663109
5,Trey Por (kg),Retail,KHR,10725,9479,10071,8778,9729,8433,10432,10182,9212,9671.222222222223,10333,9818,10500,8972,9030,8624,9897,10675,10479,9814.222222222223,96712.22222222222,98142.22222222222,0.014786135269585499
6,Red Tailed Catfish (kg),Retail,KHR,-,22000,-,0,0,0,0,0,0,22000.0,20000,-,25000,30000,30000,38000,0,0,0,28600.0,44000.0,171600.0,2.9
7,Trey Sandai (kg),Retail,KHR,-,36500,-,25000,23000,0,0,0,0,28166.666666666668,-,-,25000,30000,35000,39000,20000,20000,20000,27000.0,112666.66666666667,216000.0,0.9171597633136095
8,Pork with fat (kg),Retail,KHR,14458,16176,16967,15193,14685,14804,15972,15798,15444,15499.666666666666,17275,18656,18389,16833,16263,15912,16324,16025,15470,16794.11111111111,154996.66666666666,167941.11111111112,0.08351434081019682
9,Pork ribs (kg),Retail,KHR,14492,16049,16750,15167,14676,14990,16000,15905,15784,15534.777777777777,17147,18240,18380,16815,16242,15889,16333,16012,15432,16721.11111111111,155347.77777777778,167211.11111111112,0.07636628925779432
10,Pork bone (kg),Retail,KHR,11717,13245,13608,12373,11667,11740,12852,12833,12521,12506.222222222223,13716,14583,14546,13241,12496,12398,13037,12611,11992,13180.0,125062.22222222222,131800.0,0.05387540424322124
11,Pork legs (kg),Retail,KHR,11167,13302,13623,12384,11787,11865,13130,13012,12854,12569.333333333334,13873,14802,14806,13389,12898,12731,13565,12907,12142,13457.0,125693.33333333333,134570.0,0.0706216187546409
12,Beef with fat (kg),Retail,KHR,15423,13917,13233,11796,11905,11909,13318,13400,13778,13186.555555555555,12833,13750,15000,14000,11318,13182,15643,15842,15262,14092.222222222223,131865.55555555556,140922.22222222222,0.06868106404671415
13,Chicken meat (CP) (kg),Retail,KHR,15208,14000,14722,12333,12646,13313,13857,14375,14450,13878.222222222223,13667,15700,13875,12188,13610,13818,15569,15644,15269,14371.111111111111,138782.22222222222,143711.11111111112,0.03551527573176205
14,Duck egg (10 eggs),Retail,KHR,4843,4706,5269,5447,4918,4618,4985,5141,5025,4994.666666666667,4725,4635,5007,5163,5077,4683,4929,5467,5348,5003.777777777777,49946.666666666664,50037.77777777778,0.0018241680014239314
15,Vegetable Oil (5 litters),Retail,KHR,25158,25904,26556,25374,25326,24950,26140,26894,28062,26040.444444444445,29529,29196,29139,28083,28302,28022,28679,28265,28453,28629.777777777777,260404.44444444444,286297.77777777775,0.09943506681913594
16,Iodized salt (kg),Retail,KHR,1321,1289,1376,1060,1001,1055,1321,1354,1354,1236.7777777777778,1310,1344,1400,1098,1097,1110,1257,1519,1395,1281.111111111111,12367.777777777777,12811.111111111111,0.0358458359536431
17,Ground Nut (kg),Retail,KHR,9955,10177,10214,9189,8975,8906,9922,10077,10178,9732.555555555555,9844,9833,10250,9141,8957,8639,10417,9514,9554,9572.111111111111,97325.55555555556,95721.11111111111,-0.01648533558617704
18,Morning glory (kg),Retail,KHR,2978,3089,3218,2738,2225,2713,3250,3875,3496,3064.6666666666665,3000,2583,3153,2838,2493,2227,3429,4033,3751,3056.3333333333335,30646.666666666668,30563.333333333332,-0.002719164672612684
19,Carrot (kg),Retail,KHR,3283,3431,3250,3177,3030,2951,3917,3875,4028,3438.0,3083,3038,3306,2803,2456,2554,3769,3611,3657,3141.8888888888887,34380.0,31418.88888888889,-0.08612888630340632
20,Ivy gourd leave (kg),Retail,KHR,4694,4764,5500,4271,3083,3500,4667,5042,4940,4495.666666666667,5393,4250,5094,3898,4185,3944,5361,5357,5725,4800.777777777777,44956.666666666664,48007.77777777778,0.06786782333605212
21,Moringa leaves (kg),Retail,KHR,5000,5060,5043,4667,4550,3050,6250,5600,5529,4972.111111111111,5313,4250,4325,4208,3050,3800,4650,4750,5833,4464.333333333333,49721.11111111111,44643.333333333336,-0.10212518715502017
22,Chinese spinach (kg),Retail,KHR,3868,4096,5154,3189,2896,3226,4596,4792,4808,4069.4444444444443,3792,3124,5208,3896,2806,2729,5192,5568,5551,4207.333333333333,40694.444444444445,42073.333333333336,0.033883959044368694
23,Pak Choi (kg),Retail,KHR,3736,3959,5250,3015,3097,3152,4327,4411,4660,3956.3333333333335,3923,3100,4915,3871,2868,2788,5096,5145,5074,4086.6666666666665,39563.333333333336,40866.666666666664,0.032942960653803866
24,Chinese flowering cabbage (kg),Retail,KHR,3625,3719,5036,2981,2671,3103,4154,4292,4231,3756.8888888888887,3786,3114,4785,3482,2710,2625,4538,4823,5208,3896.777777777778,37568.88888888889,38967.77777777778,0.03723530107654094
25,Mustard Greens (kg),Retail,KHR,3800,3639,5222,2917,2852,2992,4333,3962,4235,3772.4444444444443,3646,3389,4462,3510,2751,2768,4479,4540,4769,3812.6666666666665,37724.444444444445,38126.666666666664,0.010662111215834047
26,Amaranthus (kg),Retail,KHR,3760,3742,4833,3556,3315,2972,3672,4000,4788,3848.6666666666665,3875,3545,5146,3248,3033,2875,4125,5150,5560,4061.8888888888887,38486.666666666664,40618.88888888889,0.055401582077487355
27,Ngob leaves (kg),Retail,KHR,5000,6625,7855,5145,4511,3750,4860,6400,4175,5369.0,5625,3500,6000,4275,4167,4500,5700,6028,8278,5341.444444444444,53690.0,53414.444444444445,-0.005132344115394982
28,Pumpkin leaves (kg),Retail,KHR,5544,4954,5938,4460,4429,3600,5400,5310,5033,4963.111111111111,5160,4583,4786,3650,4438,4500,4883,4500,7667,4907.444444444444,49631.11111111111,49074.444444444445,-0.011216083101996954
29,Pumpkin fruit (kg),Retail,KHR,2250,2583,3158,2585,2407,1460,2154,2061,2514,2352.4444444444443,2304,2117,2165,1443,1264,1245,2227,2678,2776,2024.3333333333333,23524.444444444445,20243.333333333332,-0.13947666729642938
30,Bottle gourd (kg),Retail,KHR,2250,2500,3650,2300,1875,1100,1400,0,2000,2134.375,-,-,2500,1250,-,2000,0,1750,2000,1900.0,19209.375,11400.0,-0.406539775500244
31,Wax gourd (kg),Retail,KHR,2583,2933,3839,2578,2374,1850,2333,2240,2154,2542.6666666666665,2333,1900,2342,2668,2633,2088,2154,2344,3107,2396.5555555555557,25426.666666666668,23965.555555555555,-0.05746373011711248
32,Long eggplants (kg),Retail,KHR,2892,3313,3568,2375,2608,2409,3258,3068,3425,2990.6666666666665,3038,2438,3182,2900,2569,2400,3288,3552,4676,3115.8888888888887,29906.666666666668,31158.88888888889,0.04187100609303007
33,Round eggplants (kg),Retail,KHR,2892,3521,5167,2200,2832,2295,2604,3045,2683,3026.5555555555557,2896,2196,3674,2264,2608,2254,3404,3869,4579,3082.6666666666665,30265.555555555555,30826.666666666668,0.018539593964536305
34,Tomatoes (kg),Retail,KHR,3375,3896,6075,4776,3881,3965,4942,4346,4763,4446.555555555556,2643,3161,3742,3292,3471,3214,4519,5326,6010,3930.8888888888887,44465.555555555555,39308.88888888889,-0.1159699142907119
35,Spong gourd (kg),Retail,KHR,3167,3063,4021,2717,2233,1875,2697,2667,2787,2803.0,2583,2667,2700,2379,2656,2494,2925,3217,3451,2785.777777777778,28030.0,27857.777777777777,-0.006144210568042152
36,Ridge Gourd (kg),Retail,KHR,3302,3107,4139,2533,2583,2141,2894,2563,2948,2912.222222222222,2775,2565,3036,2729,2563,2494,2813,3114,3188,2808.5555555555557,29122.222222222223,28085.555555555555,-0.03559710034338048
37,Green papaya (kg),Retail,KHR,1425,1701,1781,1514,1644,1233,1729,1542,1518,1565.2222222222222,1671,1539,1423,939,742,796,1338,1161,1399,1223.111111111111,15652.222222222223,12231.111111111111,-0.2185703130545893
38,Long bean (kg),Retail,KHR,4464,6833,16458,6958,2854,2622,2910,3109,4295,5611.444444444444,3482,3429,4394,5813,3576,2922,2923,3451,5375,3929.4444444444443,56114.444444444445,39294.444444444445,-0.299744569629527
39,Banana flower (kg),Retail,KHR,2438,2750,4000,3085,2545,1932,2229,2700,2398,2675.222222222222,2929,2795,2972,2103,1825,1725,2500,2474,2964,2476.3333333333335,26752.222222222223,24763.333333333332,-0.07434481039996688
40,Cauliflower (kg),Retail,KHR,5071,6583,7250,6395,5868,6454,9273,8464,7500,6984.222222222223,4481,4786,5455,6055,5038,5350,8886,7621,8648,6257.777777777777,69842.22222222222,62577.77777777778,-0.10401221801520877
41,Chinese Kale (kg),Retail,KHR,4841,4667,5417,4889,4674,4267,5409,5786,6139,5121.0,3750,4286,5175,5742,4022,3675,6042,6984,7505,5242.333333333333,51210.0,52423.333333333336,0.023693289071144985
42,Orange-flesh Sweet Potatoes (kg),Retail,KHR,2188,2458,2688,2250,2458,2421,2787,2589,2214,2450.3333333333335,2571,2656,2365,1927,1394,1500,2450,2547,2631,2226.777777777778,24503.333333333332,22267.777777777777,-0.09123475264136394
43,Water lily (kg),Retail,KHR,2417,3075,2750,1733,2500,1933,2050,2150,2020,2292.0,2500,2500,2467,2008,2000,1700,3067,2998,4167,2600.777777777778,22920.0,26007.777777777777,0.1347197983323638
44,Climbing wattle (kg),Retail,KHR,13167,12633,10250,10000,8952,6167,6611,8500,8694,9441.555555555555,8500,8375,6119,6250,5740,5833,7700,8938,10727,7575.777777777777,94415.55555555556,75757.77777777778,-0.1976133876244498
45,Lufa Gourd leaf (kg),Retail,KHR,-,-,5750,5000,3500,-,5000,4000,5000,4708.333333333333,5500,-,4750,-,-,-,0,5833,9000,6270.75,32958.333333333336,31353.75,-0.0486852085967131
46,Agati (kg),Retail,KHR,10000,-,6000,3000,3733,-,7500,0,5000,5872.166666666667,8000,5000,4750,-,-,-,5000,6500,9000,6375.0,41105.166666666664,44625.0,0.08562994919535671
47,Abalone mushroom (kg),Retail,KHR,8833,10286,10944,7667,7905,7333,9111,7833,8185,8677.444444444445,7667,8786,7771,6815,6593,7000,9125,8592,8018,7818.555555555556,86774.44444444444,78185.55555555556,-0.09897947424356879
48,Cabbage (kg),Retail,KHR,3015,3550,3813,2681,2377,2857,3592,4161,3958,3333.777777777778,2708,2720,2900,2554,2555,2567,3125,3295,3712,2904.0,33337.77777777778,29040.0,-0.12891614451406486
49,Chinese salad (kg),Retail,KHR,4075,4352,4250,2675,3382,4020,5450,4515,4236,4106.111111111111,3396,3172,3167,3607,3092,3272,4000,4107,4173,3554.0,41061.11111111111,35540.0,-0.1344608307400893
50,Bean sprout (kg),Retail,KHR,2969,3107,3056,2253,2424,2452,3500,2857,3472,2898.8888888888887,2750,3125,3019,2725,2537,2613,2844,2867,2795,2808.3333333333335,28988.88888888889,28083.333333333332,-0.031238022230739793
51,Baby watermelon (kg),Retail,KHR,2667,3375,3500,1750,2188,2500,3500,2750,2000,2692.222222222222,3500,-,3667,-,-,-,0,2458,2500,3031.25,26922.222222222223,15156.25,-0.4370356995460174
52,Okra (kg),Retail,KHR,5333,5200,6333,4417,4567,3250,5056,5333,5593,5009.111111111111,4667,6300,5083,5083,4760,4679,5222,5990,5667,5272.333333333333,50091.11111111111,52723.333333333336,0.05254868905549892
53,Baby corn (kg),Retail,KHR,8750,9100,8667,10500,6250,7208,9400,9400,9857,8792.444444444445,7583,7500,8429,8429,7083,6833,8208,4338,0,7300.375,87924.44444444444,65703.375,-0.252729142445534
54,Corn (kg),Retail,KHR,3100,2300,5000,-,-,-,0,0,2500,3225.0,-,1000,2500,-,-,-,3500,0,0,2333.3333333333335,16125.0,9333.333333333334,-0.421188630490956
55,Palm fruit (sliced) (kg),Retail,KHR,6667,6333,6417,4000,5600,4500,5000,0,10000,6064.625,7625,7667,6800,5500,5500,6333,8333,6500,7667,6880.555555555556,54581.625,68805.55555555556,0.26059925030732534
56,Cucumber (kg),Retail,KHR,3344,3552,3208,2371,2121,1872,2450,2020,3050,2665.3333333333335,2614,2688,3058,3013,1723,1300,3417,3738,2259,2645.5555555555557,26653.333333333332,26455.555555555555,-0.007420376855094224
57,Taro (kg),Retail,KHR,3917,4875,5786,3667,4550,5708,6083,6800,6690,5341.777777777777,5722,5667,5330,4188,4429,4179,4500,4972,4857,4871.555555555556,53417.77777777778,48715.555555555555,-0.08802729012397048
58,Chinese radish (kg),Retail,KHR,3250,3625,3844,2554,2757,2661,3976,3142,3095,3211.5555555555557,2438,2917,2657,2675,2421,2381,3083,3598,3546,2857.3333333333335,32115.555555555555,28573.333333333332,-0.11029615278162197
59,Bamboo shoot (kg),Retail,KHR,4000,5361,4700,2570,2056,1292,2208,3500,3542,3247.6666666666665,6750,5500,3620,2317,1508,1940,2417,2926,3625,3400.3333333333335,32476.666666666668,34003.333333333336,0.04700810838550762
60,Pineapple/Anana (kg),Retail,KHR,2917,3042,2750,2517,2967,2667,3167,3500,3167,2966.0,2625,2750,3000,2396,2300,2219,2833,2812,2438,2597.0,29660.0,25970.0,-0.12440997977073498
61,Mixed Rice (kg),Wholesale,KHR,2481,2514,2499,2543,2481,2453,2477,2430,2451,2481.0,1913,1970,1946,1950,1928,1843,1822,1880,1754,1889.5555555555557,24810.0,18895.555555555555,-0.2383895382686193
62,Snakehead fish (Live) (kg),Wholesale,KHR,9150,9146,9900,9591,9636,9333,9311,9231,9302,9400.0,9250,9329,9293,9006,9207,8949,8999,9316,9199,9172.0,94000.0,91720.0,-0.024255319148936194
63,Trey Pra (Live) (kg),Wholesale,KHR,6450,6445,6376,6650,6572,6102,6385,6669,6554,6467.0,6221,6262,6742,6231,6604,6386,6314,7036,6545,6482.333333333333,64670.0,64823.333333333336,0.0023710118035153993
64,Cat-fish (Live) (kg),Wholesale,KHR,6450,6983,7337,7196,7174,6429,6950,6946,6731,6910.666666666667,6801,7182,7417,7356,7758,7347,7256,7947,7397,7384.555555555556,69106.66666666667,73845.55555555556,0.06857354170686225
65,Trey Por (kg),Wholesale,KHR,9300,8625,9214,8778,9729,8433,9159,9114,8485,8981.888888888889,9000,8545,9389,8972,9030,8624,8667,9544,9068,8982.111111111111,89818.88888888889,89821.11111111111,2.4741145762341432e-05
66,Red Tailed Catfish (kg),Wholesale,KHR,-,22000,-,-,-,-,0,0,0,22000.0,20000,-,25000,30000,30000,38000,0,0,0,28600.0,44000.0,171600.0,2.9
67,Trey Sandai (kg),Wholesale,KHR,-,34000,-,25000,23000,-,0,0,0,27333.333333333332,-,-,25000,30000,35000,39000,18000,18000,18000,26142.85714285714,109333.33333333333,209142.85714285713,0.9128919860627178
68,Pork with fat (kg),Wholesale,KHR,13188,15010,15508,15193,14685,14804,14926,14792,14236,14704.666666666666,16118,17167,17102,16833,16263,15912,15130,15031,14295,15983.444444444445,147046.66666666666,159834.44444444444,0.08696407791933014
69,Pork ribs (kg),Wholesale,KHR,13129,14642,15433,15167,14676,14990,14931,14738,14696,14711.333333333334,16010,16906,17130,16815,16242,15889,15157,15019,14189,15928.555555555555,147113.33333333334,159285.55555555556,0.08274044198728103
70,Pork bone (kg),Wholesale,KHR,10425,12211,12458,12373,11667,11740,11667,11827,11365,11748.111111111111,12873,13740,13426,13241,12496,12398,12009,11710,11091,12553.777777777777,117481.11111111111,125537.77777777778,0.06857840031021545
71,Pork legs (kg),Wholesale,KHR,9942,12307,12412,12384,11787,11865,11907,11994,11750,11816.444444444445,13078,13660,13750,13389,12898,12731,12356,12037,11325,12802.666666666666,118164.44444444444,128026.66666666667,0.08346184225373321
72,Beef with fat (kg),Wholesale,KHR,14000,12306,11583,11796,11905,11909,12045,12022,12833,12266.555555555555,10792,12000,13250,14000,11318,13182,14024,14458,13595,12957.666666666666,122665.55555555556,129576.66666666667,0.056341090046105435
73,Chicken meat (CP) (kg),Wholesale,KHR,13542,13167,13833,12333,12646,13313,13107,13563,13560,13229.333333333334,12926,14800,12813,12188,13610,13818,14569,14622,14231,13730.777777777777,132293.33333333334,137307.77777777778,0.03790398441174481
74,Duck egg (10 eggs),Wholesale,KHR,4407,4253,4827,5447,4918,4618,4452,4668,4671,4695.666666666667,4321,4242,4599,5163,5077,4683,4471,5095,4872,4724.777777777777,46956.666666666664,47247.77777777778,0.006199569342893119
75,Vegetable Oil (5 litters),Wholesale,KHR,24054,25105,25705,25374,25326,24950,24867,26120,27362,25429.222222222223,28639,28393,28400,28083,28302,28022,27798,27561,27849,28116.333333333332,254292.22222222222,281163.3333333333,0.10567020444545427
76,Iodized salt (kg),Wholesale,KHR,1068,1024,1176,1060,1001,1055,1055,1143,1127,1078.7777777777778,1055,1074,1110,1098,1097,1110,1057,1271,1123,1110.5555555555557,10787.777777777777,11105.555555555555,0.02945720465547419
77,Ground Nut (kg),Wholesale,KHR,9160,9198,9357,9189,8975,8906,8961,8853,9172,9085.666666666666,8844,8857,9033,9141,8957,8639,9321,8932,8875,8955.444444444445,90856.66666666667,89554.44444444444,-0.014332709640337171
78,Morning glory (kg),Wholesale,KHR,2444,2700,2525,2738,2225,2713,2389,3281,2843,2650.8888888888887,2418,2056,2513,2838,2493,2227,2850,3456,3177,2669.777777777778,26508.88888888889,26697.777777777777,0.007125492497275454
79,Carrot (kg),Wholesale,KHR,2627,2883,2657,3177,3030,2951,3207,3163,3343,3004.222222222222,2433,2465,2738,2803,2456,2554,3158,3003,3016,2736.222222222222,30042.222222222223,27362.222222222223,-0.0892077816406539
80,Ivy gourd leave (kg),Wholesale,KHR,4150,4011,4694,4271,3083,3500,3512,4192,3964,3930.777777777778,3929,3281,3813,3898,4185,3944,4194,4565,4358,4018.5555555555557,39307.77777777778,40185.555555555555,0.022330892953048576
81,Moringa leaves (kg),Wholesale,KHR,4125,4160,4534,4667,4550,3050,4750,4767,4207,4312.222222222223,3688,3292,3675,4208,3050,3800,3463,4063,4738,3775.222222222222,43122.22222222222,37752.22222222222,-0.12452976037103836
82,Chinese spinach (kg),Wholesale,KHR,3359,3481,4493,3189,2896,3226,3923,4179,4050,3644.0,3250,2542,4490,3896,2806,2729,4327,4745,4769,3728.222222222222,36440.0,37282.22222222222,0.023112574704232225
83,Pak Choi (kg),Wholesale,KHR,3288,3410,4575,3015,3097,3152,3647,3829,3929,3549.1111111111113,3346,2499,4154,3871,2868,2788,4250,4398,4352,3614.0,35491.11111111111,36140.0,0.018283138187965786
84,Chinese flowering cabbage (kg),Wholesale,KHR,3171,3115,4273,2981,2671,3103,3494,3696,3567,3341.222222222222,3196,2500,4086,3482,2710,2625,3827,4080,4468,3441.5555555555557,33412.22222222222,34415.555555555555,0.03002893152871544
85,Mustard Greens (kg),Wholesale,KHR,3183,3128,4560,2917,2852,2992,3621,3312,3564,3347.6666666666665,3042,2718,3782,3510,2751,2768,3688,3794,4066,3346.5555555555557,33476.666666666664,33465.555555555555,-0.0003319061369444487
86,Amaranthus (kg),Wholesale,KHR,3156,3000,4042,3556,3315,2972,2820,3375,3788,3336.0,2950,2750,3958,3248,3033,2875,3200,4617,4690,3480.1111111111113,33360.0,34801.11111111111,0.04319877431388219
87,Ngob leaves (kg),Wholesale,KHR,4500,5550,5811,5145,4511,3750,3520,4900,3675,4595.777777777777,4000,2700,5000,4275,4167,4500,3783,4972,7000,4488.555555555556,45957.77777777778,44885.555555555555,-0.023330593298196534
88,Pumpkin leaves (kg),Wholesale,KHR,5044,4043,4700,4460,4429,3600,4400,4570,4117,4373.666666666667,3940,3500,4143,3650,4438,4500,3925,4417,6667,4353.333333333333,43736.666666666664,43533.333333333336,-0.004649035896654108
89,Pumpkin fruit (kg),Wholesale,KHR,1800,2135,2496,2585,2407,1460,1612,1625,1892,2001.3333333333333,1625,1525,1521,1443,1264,1245,1691,2158,2227,1633.2222222222222,20013.333333333332,16332.222222222223,-0.18393293359982232
90,Bottle gourd (kg),Wholesale,KHR,1783,2000,2670,2300,1875,1100,983,0,1667,1797.25,-,-,2000,1250,-,2000,0,1625,1500,1675.0,16175.25,10050.0,-0.3786803913386192
91,Wax gourd (kg),Wholesale,KHR,2056,2483,3237,2578,2374,1850,1752,1640,1586,2172.8888888888887,1745,1415,1721,2668,2633,2088,1627,1931,2618,2049.5555555555557,21728.88888888889,20495.555555555555,-0.05676007363469027
92,Long eggplants (kg),Wholesale,KHR,2369,2679,3014,2375,2608,2409,2702,2500,2718,2597.1111111111113,2096,1942,2558,2900,2569,2400,2700,2973,4074,2690.222222222222,25971.11111111111,26902.222222222223,0.03585180114657316
93,Round eggplants (kg),Wholesale,KHR,2423,2908,4700,2200,2832,2295,2033,2568,1907,2651.777777777778,2167,1704,3068,2264,2608,2254,2758,3282,3895,2666.6666666666665,26517.777777777777,26666.666666666668,0.005614681974356994
94,Tomatoes (kg),Wholesale,KHR,2630,3306,5545,4776,3881,3965,4288,3692,4113,4021.777777777778,1982,2467,3092,3292,3471,3214,3769,4708,5240,3470.5555555555557,40217.77777777778,34705.555555555555,-0.1370593435738756
95,Spong gourd (kg),Wholesale,KHR,2469,2500,3246,2717,2233,1875,1977,2139,2241,2377.4444444444443,1958,1975,2125,2379,2656,2494,2275,2792,2804,2384.222222222222,23774.444444444445,23842.222222222223,0.002850866943964192
96,Ridge Gourd (kg),Wholesale,KHR,2560,2679,3333,2533,2583,2141,2156,2094,2458,2504.1111111111113,2120,1975,2393,2729,2563,2494,2250,2705,2688,2435.222222222222,25041.11111111111,24352.222222222223,-0.02751031636863821
97,Green papaya (kg),Wholesale,KHR,1083,1364,1479,1514,1644,1233,1224,1162,1054,1306.3333333333333,1271,1136,971,939,742,796,958,853,1023,965.4444444444445,13063.333333333334,9654.444444444445,-0.26095092285446964
98,Long bean (kg),Wholesale,KHR,3979,6167,14583,6958,2854,2622,2306,2453,3608,5058.888888888889,2857,2750,3530,5813,3576,2922,2231,2714,4588,3442.3333333333335,50588.88888888889,34423.333333333336,-0.3195475510652317
99,Banana flower (kg),Wholesale,KHR,2019,2208,3180,3085,2545,1932,1721,2400,1998,2343.1111111111113,2393,2368,2600,2103,1825,1725,2063,2207,2526,2201.1111111111113,23431.11111111111,22011.11111111111,-0.06060318664643405
100,Cauliflower (kg),Wholesale,KHR,4333,5708,6500,6395,5868,6454,8209,7464,6615,6394.0,3854,4143,4455,6055,5038,5350,7591,6754,7560,5644.444444444444,63940.0,56444.444444444445,-0.11722795676502273
101,Chinese Kale (kg),Wholesale,KHR,4100,4000,4615,4889,4674,4267,4614,4857,5235,4583.444444444444,3154,3362,4515,5742,4022,3675,5104,6151,6608,4703.666666666667,45834.444444444445,47036.666666666664,0.026229667159583858
102,Orange-flesh Sweet Potatoes (kg),Wholesale,KHR,1813,1958,2150,2250,2458,2421,2250,2189,1776,2140.5555555555557,2114,1994,1813,1927,1394,1500,1955,2173,2200,1896.6666666666667,21405.555555555555,18966.666666666668,-0.1139371917985984
103,Water lily (kg),Wholesale,KHR,1983,2575,2383,1733,2500,1933,1333,1900,1510,1983.3333333333333,2000,1850,1976,2008,2000,1700,2100,2619,3500,2194.777777777778,19833.333333333332,21947.777777777777,0.10661064425770306
104,Climbing wattle (kg),Wholesale,KHR,10917,10133,8500,10000,8952,6167,5344,6400,7486,8211.0,7071,6625,5286,6250,5740,5833,6400,7531,9205,6660.111111111111,82110.0,66601.11111111111,-0.1888794165008999
105,Lufa Gourd leaf (kg),Wholesale,KHR,-,-,4000,5000,3500,-,4500,4000,4000,4166.666666666667,4500,-,3500,-,-,-,0,5500,8000,5375.0,29166.666666666668,26875.0,-0.07857142857142863
106,Agati (kg),Wholesale,KHR,8000,-,4563,3000,3733,-,6500,0,4500,5049.333333333333,6000,4000,4000,-,-,-,4000,4500,8000,5083.333333333333,35345.333333333336,35583.333333333336,0.006733562186427289
107,Abalone mushroom (kg),Wholesale,KHR,7800,8136,8944,7667,7905,7333,7361,6528,6972,7627.333333333333,6722,7357,6927,6815,6593,7000,7906,7550,6946,7090.666666666667,76273.33333333333,70906.66666666667,-0.07036098243160549
108,Cabbage (kg),Wholesale,KHR,2439,2860,3288,2681,2377,2857,2852,3511,3233,2899.777777777778,2063,2150,2287,2554,2555,2567,2665,2773,3174,2532.0,28997.777777777777,25320.0,-0.12682964211816994
109,Chinese salad (kg),Wholesale,KHR,3294,3611,3567,2675,3382,4020,4573,3850,3468,3604.4444444444443,2875,2594,2642,3607,3092,3272,3270,3471,3488,3145.6666666666665,36044.444444444445,31456.666666666668,-0.12728113440197286
110,Bean sprout (kg),Wholesale,KHR,2471,2619,2500,2253,2424,2452,3021,2543,2983,2585.1111111111113,2444,2506,2537,2725,2537,2613,2531,2519,2427,2537.6666666666665,25851.11111111111,25376.666666666668,-0.018352961402905432
111,Baby watermelon (kg),Wholesale,KHR,2000,2375,2700,1750,2188,2500,2500,2250,2000,2251.4444444444443,2500,-,3167,-,-,-,0,2250,2500,2604.25,22514.444444444445,13021.25,-0.42164906479790754
112,Okra (kg),Wholesale,KHR,4292,4200,5167,4417,4567,3250,4361,4250,4537,4337.888888888889,3833,4900,4389,5083,4760,4679,4317,4875,4389,4580.555555555556,43378.88888888889,45805.555555555555,0.05594119003099296
113,Baby corn (kg),Wholesale,KHR,7000,7300,7667,10500,6250,7208,7950,7600,8357,7759.111111111111,6417,5750,7571,8429,7083,6833,7375,4015,0,6684.125,77591.11111111111,60157.125,-0.22469050721732153
114,Corn (kg),Wholesale,KHR,2700,2300,4333,-,-,-,0,0,2500,2958.25,-,700,2500,-,-,-,3167,0,0,2122.3333333333335,14791.25,8489.333333333334,-0.42605707203019805
115,Palm fruit (sliced) (kg),Wholesale,KHR,6000,5500,6250,4000,5600,4500,5000,0,8000,5606.25,6750,7000,5400,5500,5500,6333,7667,5750,6000,6211.111111111111,50456.25,62111.11111111111,0.2309894435498301
116,Cucumber (kg),Wholesale,KHR,2893,2977,2592,2371,2121,1872,1885,1590,2380,2297.8888888888887,2168,2200,2632,3013,1723,1300,2817,3270,1773,2321.777777777778,22978.88888888889,23217.777777777777,0.010396015666553682
117,Taro (kg),Wholesale,KHR,3183,3792,4964,3667,4550,5708,5500,5800,5905,4785.444444444444,5111,4750,4630,4188,4429,4179,3750,4367,4143,4394.111111111111,47854.444444444445,43941.11111111111,-0.08177575518354274
118,Chinese radish (kg),Wholesale,KHR,2750,2938,3219,2554,2757,2661,3369,2500,2557,2811.6666666666665,1988,2417,2145,2675,2421,2381,2483,3047,2915,2496.8888888888887,28116.666666666668,24968.88888888889,-0.11195415925706376
119,Bamboo shoot (kg),Wholesale,KHR,3500,4611,4020,2570,2056,1292,1742,2833,2908,2836.8888888888887,5625,4500,2904,2317,1508,1940,1817,2611,3125,2927.4444444444443,28368.88888888889,29274.444444444445,0.031920726930910304
120,Pineapple/Anana (kg),Wholesale,KHR,2467,2500,2417,2517,2967,2667,2750,3000,2653,2659.777777777778,2125,2250,2393,2396,2300,2219,2275,2595,2063,2290.6666666666665,26597.777777777777,22906.666666666668,-0.13877516918706656
